223870,Ys I & II Chronicles+,"Feb 14, 2013",100000 - 200000,15,0,14.99,0,"Long, long ago, there was an ancient kingdom called Ys which prospered under the auspices of two heavenly Goddesses. Over time, the kingdom came to be known as Esteria, and its divine history was largely forgotten by all but the descendants of those who once preached the Goddesses‚Äô will. The only reminder of this lost lore was a cursed spire at the foot of a giant crater, which locals came to regard as ‚ÄúThe Devil‚Äôs Tower.‚Äù Eventually, the men and women who called Esteria their home began mining a uniquely radiant silver from the nearby mountains, and development boomed. Towns were built, and the land became rich with life. Then, all at once, monsters began to appear. Only a few at first ‚Äì but soon enough, the land was swarming with them, and the Esterians had no choice but to hide in fear, remaining ever vigilant just to stay alive. Our story begins with a young man who‚Äôd heard rumors of these misfortunes, and strove to verify them with his own eyes; a brave swordsman with an adventurous spirit bolstered by his own youthful naivet√©. His name was Adol Christin. With no regard for his own safety, Adol set sail toward Esteria through a heretofore impassable barrier of neverending storms. There, he was destined to become ensconced within a 700 year-old mystery that would ultimately take him to a long-lost land nestled amongst the clouds... Ys I &amp; II Chronicles+ is the most modernized and up-to-date remake of Falcom‚Äôs classic franchise-spawning action RPGs from 1987 and 1988. Come see how the story began, and witness the birth of a legend! Key Features Classic buttonless ‚Äúbump‚Äù combat receives a full analog-enabled upgrade for gamepad users, and is augmented in Ys II by a robust magic system. Soundtrack selectable from among the original 80s FM-synth, an early 2000s MIDI-style remix or a modern studio performance by Falcom‚Äôs in-house rock band. Character art selectable from 90s-style portraits or more modern anime designs. Four selectable difficulty levels and optional boss rush mode grant players a true old-school challenge (if desired). Transform into a demon to speak with any and every standard enemy in the game, creating unparalleled depth that still impresses even to this day. (Ys II only) Unique Steam Achievements plus Steam Cloud support and leaderboards. Adjustable high-resolution PC graphics with a smooth, consistent framerate. Greater viewing area than in previously-available Ys I &amp; II Chronicles editions. Decorative screen frames available from the earlier Japan-only Ys I &amp; II Complete PC release, in addition to the more modernized full-screen viewport of previous Ys I &amp; II Chronicles editions.",['English'],[],,https://cdn.akamai.steamstatic.com/steam/apps/223810/header.jpg?t=1624576213,http://www.worldofys.com/ysc/,www.xseedgames.com,support@xseedgames.com,True,False,False,0,,0,1167,144,,17,1803,,430,0,430,0,Nihon Falcom,XSEED Games,"Single-player,Steam Achievements,Steam Trading Cards,Partial Controller Support,Steam Cloud,Steam Leaderboards","Action,Adventure,RPG","JRPG,Great Soundtrack,Action,RPG,Adventure,Anime,Action RPG,Remake,Classic,Difficult,Fantasy,Top-Down,Dungeon Crawler,Singleplayer,Hack and Slash,2D,Retro,Pixel Graphics,Medieval,Old School","https://cdn.akamai.steamstatic.com/steam/apps/223810/ss_6d0b2b05cebb6e36ca8db985eec62dc106587eee.1920x1080.jpg?t=1624576213,https://cdn.akamai.steamstatic.com/steam/apps/223810/ss_c1db09452ae57013e015fa9903791f280eb719e7.1920x1080.jpg?t=1624576213,https://cdn.akamai.steamstatic.com/steam/apps/223810/ss_0cc7fe88ce6ce9555d658d1de5239078cb661d52.1920x1080.jpg?t=1624576213,https://cdn.akamai.steamstatic.com/steam/apps/223810/ss_133701fff357b65004ca0e8bed165570f468125a.1920x1080.jpg?t=1624576213,https://cdn.akamai.steamstatic.com/steam/apps/223810/ss_626cbde6a02eb211cd1d1b412b6e5af1a433e2f4.1920x1080.jpg?t=1624576213,https://cdn.akamai.steamstatic.com/steam/apps/223810/ss_7068d5bf441076c825b1803f35a260a6a6de2c05.1920x1080.jpg?t=1624576213,https://cdn.akamai.steamstatic.com/steam/apps/223810/ss_b25b050984b2d2ea7a6cb55c296e69a843c23909.1920x1080.jpg?t=1624576213,https://cdn.akamai.steamstatic.com/steam/apps/223810/ss_6b7d36523682e247d7d72210e76c040e3cca5dfd.1920x1080.jpg?t=1624576213,https://cdn.akamai.steamstatic.com/steam/apps/223810/ss_2bbeec1af998a8e87361eb5fca1011566ba4f3df.1920x1080.jpg?t=1624576213,https://cdn.akamai.steamstatic.com/steam/apps/223810/ss_1e4fbb79ea8c6c16d0af266620c05374d164bad1.1920x1080.jpg?t=1624576213,https://cdn.akamai.steamstatic.com/steam/apps/223810/ss_7880e69f9a5f7feba18cff58ed2eace7f7146fdd.1920x1080.jpg?t=1624576213,https://cdn.akamai.steamstatic.com/steam/apps/223810/ss_2e9143e8f0f40678367c3441ab9b713dcaa8b6c5.1920x1080.jpg?t=1624576213,https://cdn.akamai.steamstatic.com/steam/apps/223810/ss_699f05839ecb969a87b8f3b022764b8316466b23.1920x1080.jpg?t=1624576213,https://cdn.akamai.steamstatic.com/steam/apps/223810/ss_78b8e1ee17c8e3b3684843cf223235fd1ed5c016.1920x1080.jpg?t=1624576213,https://cdn.akamai.steamstatic.com/steam/apps/223810/ss_f97fa7954112fbdca47703ffe30f865f5b32daff.1920x1080.jpg?t=1624576213,https://cdn.akamai.steamstatic.com/steam/apps/223810/ss_30f50e03a4d373c24ed4cd48a6a801ea291cd2ba.1920x1080.jpg?t=1624576213,https://cdn.akamai.steamstatic.com/steam/apps/223810/ss_6854d4c3f47e92157c653eced90672d46a8dda7e.1920x1080.jpg?t=1624576213,https://cdn.akamai.steamstatic.com/steam/apps/223810/ss_9af7867bf6d08bf30ce3eb162e74c5cb7495e983.1920x1080.jpg?t=1624576213,https://cdn.akamai.steamstatic.com/steam/apps/223810/ss_7b27ac8ccb1cf4d7f26ebbab340b20825f103487.1920x1080.jpg?t=1624576213,https://cdn.akamai.steamstatic.com/steam/apps/223810/ss_7995bbc97b40c69efa4a5c1333b3fde3c0d1891c.1920x1080.jpg?t=1624576213",http://cdn.akamai.steamstatic.com/steam/apps/2028372/movie_max.mp4?t=1447357437
1836030,Âè™ÂÖîÔºö‰∏çÁÅ≠ÁöÑÂãáËÄÖ,"Mar 24, 2022",0 - 20000,4,0,7.99,0,"/ *Introduction TOOK lost his memory, face this world again with your weapon! In this game, you will experience: 15 distinctive bosses 50 different items and skills 1 main quest and 5 side stories 6 areas with over 70 scenes many mini-games and more! *Story Background The creatures in the Moon Cave have never seen the moon but are obsessed with the moon. In order to find the moon, people have divided into two groups thinking that the moon is in the sky and thinking that the moon is at the bottom. As the six knights of the Moon Up Group, TOOK will save the dying Moon Up Group for the oath from the past. *Game Features - Hardcore Battle - Judge the enemy's actions to dodge, block and attack is the core of the game. The protagonist will challenge powerful and complex enemies with a fragile body and simple moves! Of course, you can skip battles through various props‚Ä¶ ÔºàThanks to our programmer and artist, DoudouMengmengRabbit.Ôºâ - Rich Gameplay - There are a large number of items with different uses for players to collect in the game, and they may appear in any corner of the Moon Cave world. At the same time, there are many mini-games to play such as fishing, crab fighting, mining, stock market, etc., which can relieve the tension during the hardcore battle. ÔºàThanks to our designer and artist, DoudouMengmengRabbitÔºâ - Good Plot -Ôºàbut not in English at the momentÔºâ As the game progresses, the memory of TOOK slowly recovers, learn about the past of TOOK and the other six knights, and slowly unravel the truth of the Moon Cave world... Expressed in the form of simple cartoons and character dialogues, simple and intriguing. ÔºàThanks to our writer and artist, DoudouMengmengRabbit.Ôºâ *picture -This is a hard game. -Level up to face powerful enemies. -Visit different town and people. -And more. *This game is developed independently by DoudouMengmengRabbit, and it takes around one year to complete the development. *All the art materials in this game are drawn by DoudouMengmengRabbit, using the pixel drawing software -aseprite-, which took 2500+ hours to complete all the drawings. *All the sound and music in this game are carefully selected from copyright-free music material sites by DoudouMengmengRabbit. Â∏åÊúõ‰Ω†ÂñúÊ¨¢Ëøô‰∏™Ê∏∏Êàè Hope u enioy this game &lt;3",['Simplified Chinese'],[],,https://cdn.akamai.steamstatic.com/steam/apps/1836030/header.jpg?t=1657767738,,,feedback@indieark.com,True,False,False,0,,0,69,18,,0,0,,0,0,0,0,Ë±ÜË±ÜËêåËêåÂÖî,Ë±ÜË±ÜËêåËêåÂÖî,"Single-player,Steam Achievements,Partial Controller Support","Action,Adventure,Indie,RPG,Early Access","Souls-like,2D Platformer,Adventure,Action,Metroidvania,Pixel Graphics,Indie,Platformer,Action-Adventure,Swordplay,Dark,Fantasy,Cute,Conversation,2D,Singleplayer,RPG,Action RPG,Combat,Early Access","https://cdn.akamai.steamstatic.com/steam/apps/1836030/ss_0cfeff034a0ff08252d4f6d54896d7e01a08fca0.1920x1080.jpg?t=1657767738,https://cdn.akamai.steamstatic.com/steam/apps/1836030/ss_fb019442a411b8ca6ae40266306e8f37dc245ea6.1920x1080.jpg?t=1657767738,https://cdn.akamai.steamstatic.com/steam/apps/1836030/ss_02d6c7709a2f81f31a96b98ab36a9f1f05a75c90.1920x1080.jpg?t=1657767738,https://cdn.akamai.steamstatic.com/steam/apps/1836030/ss_d6bed825306c414c1d6d86fc17b1a9abbb36df77.1920x1080.jpg?t=1657767738,https://cdn.akamai.steamstatic.com/steam/apps/1836030/ss_ebe2cf7f1d4a91b891a61865a9f0704bbc4e3cd5.1920x1080.jpg?t=1657767738,https://cdn.akamai.steamstatic.com/steam/apps/1836030/ss_0b06b1dd2614abdb2706ea5938749c752cc0d746.1920x1080.jpg?t=1657767738",http://cdn.akamai.steamstatic.com/steam/apps/256862999/movie_max.mp4?t=1648177264
1944140,Lys and Ruka's Magical Bag,"Aug 5, 2022",0 - 20000,153,0,13.49,0,"Lys &amp; Ruka's Magic Bag combines smooth, fast-paced action RPG gameplay with the roguelike formula where you use items you pick up to slip out of terrible situations! Lystia's magic bag works like a puzzle game, where you rearrange items and power them up by getting multiples. Spirit stones broaden your options even further‚Äîfor example, by allowing you to use more than one weapon or spell at the same time. Strengthening items is essential for completing dungeons! STORY To save the world from that which threatens it, Lystia‚Äînicknamed Lys‚Äîand her partner spirit Ruka are on a grand journey to search for spirits across the lands. During their journey, they happen across a partly deserted town called Litos, where they discover that something odd is afoot. They hear that the ruins just outside of town have turned into a dungeon. Larger on the inside than it is on the outside, it also changes shape every time someone enters it. The culprit behind it all must be a spirit! And so, Lys and Ruka embark on their dungeoneering exploration in search of whatever spirit now rests in the dungeon... FEATURES An action RPG roguelike featuring all kinds of weapons and magic to take out your enemies with, as well as items to get you out of sticky situations! Power up items by lining up three with the same name in the 5x5 item window! Then, take advantage of spirit stones to use multiple weapons or spells simultaneously or grant items special effects! Offer items to the statue of the goddess in exchange for higher-rarity ones, and discover items that will change into other ones when thrown! Comes complete with a more relaxed Enjoyment Mode for those who find themselves a little out of their depth with action games. It'll make Lystia super strong! Listen to rumors back in town to gain information. As your adventure progresses, the town will grow!","['Japanese', 'English']",[],,https://cdn.akamai.steamstatic.com/steam/apps/1944140/header.jpg?t=1659814353,http://www.desunoya.sakura.ne.jp/product/lysruka01/,https://support.sekaiproject.com/,support@sekaiproject.com,True,False,False,0,,0,12,10,,36,0,,0,0,0,0,desunoya,Sekai Project,"Single-player,Steam Achievements,Full controller support,Steam Cloud","Action,Indie,RPG","RPG,Action Roguelike,Dungeon Crawler,Action RPG,Female Protagonist,Controller,Anime,Action,Colorful,Indie,Fantasy,Magic,Singleplayer","https://cdn.akamai.steamstatic.com/steam/apps/1944140/ss_28347f2f5cf19a31198abc418fd5e3c115b9115d.1920x1080.jpg?t=1659814353,https://cdn.akamai.steamstatic.com/steam/apps/1944140/ss_5dd81a328f48e662f6cac180b63349fc76bb2581.1920x1080.jpg?t=1659814353,https://cdn.akamai.steamstatic.com/steam/apps/1944140/ss_f2154ceb4d8f57ea749bc471a40d7fc5975180d2.1920x1080.jpg?t=1659814353,https://cdn.akamai.steamstatic.com/steam/apps/1944140/ss_9704a331337be1f0d05a55dd28ab29afc85d6c3e.1920x1080.jpg?t=1659814353,https://cdn.akamai.steamstatic.com/steam/apps/1944140/ss_8ff3dd34f6af398480eff50b2af4a8e8b976cca5.1920x1080.jpg?t=1659814353,https://cdn.akamai.steamstatic.com/steam/apps/1944140/ss_39ebbe1cbd0d62d73d2c81d572bdaf78e25ab458.1920x1080.jpg?t=1659814353",http://cdn.akamai.steamstatic.com/steam/apps/256887563/movie_max.mp4?t=1659722671
466110,Shaolin vs Wutang,"Jul 26, 2018",20000 - 50000,1,0,13.99,0,"Shaolin vs Wutang is a 1 on 1 INDIE CASUAL combat game featuring hand to hand and weapon combat, great music and inspired graphics. No flashy over the top effects, just combat influenced by classic Kung Fu films. The game features authentic fighting sounds from films and a licensed soundtrack with great music from classic kung fu movies. Shaolin vs Wutang is a real love letter to classic 70's and 80's Kung Fu cinema. This is a indie passion project that was made by one person who has tremendous passion for, and knowledge of Kung Fu films. It is not my intention to provide the same experience as big budget fighting games. But rather I hope to provide players with a satisfying gaming experience blended with nostalgia and reminiscence of the great Kung Fu films. It is being released in early access so i can get valuable support and feedback in order to help the game reach its full potential. With the help of the community we can create the ultimate Kung fu game!! Current Features Include Hand to hand and weapon combat Dynamic blocking animations Licensed Kung fu soundtrack featuring music from classic films 30 Inspired Characters 30 Stages Unique moves and combos for every fighter Single Player &amp; Local Co-op","['English', 'Spanish - Spain', 'Simplified Chinese', 'Japanese', 'Traditional Chinese', 'French']",[],"‚ÄúIt‚Äôs stylish, it‚Äôs challenging but accessible, and it‚Äôs hard to stop playing.‚Äù Rock Paper Shotgun",https://cdn.akamai.steamstatic.com/steam/apps/466110/header.jpg?t=1628024542,,,jaeleejb@gmail.com,True,False,False,0,,0,855,73,,12,862,,121,0,215,0,J.Bowman,J..Bowman,"Single-player,Multi-player,Shared/Split Screen,Steam Achievements,Full controller support,Steam Leaderboards,Remote Play Together","Action,Casual,Indie","Indie,Action,Casual,Martial Arts,Fighting,2D Fighter,Early Access","https://cdn.akamai.steamstatic.com/steam/apps/466110/ss_3144202a97cd1dfc17db640d5322e6a78c527091.1920x1080.jpg?t=1628024542,https://cdn.akamai.steamstatic.com/steam/apps/466110/ss_72d31f37fcb0a8d42d0b839a6b73d4ce32507ac6.1920x1080.jpg?t=1628024542,https://cdn.akamai.steamstatic.com/steam/apps/466110/ss_51a17b1833af0ef4b9e28d1474e3d24b03cef4ad.1920x1080.jpg?t=1628024542,https://cdn.akamai.steamstatic.com/steam/apps/466110/ss_93c6888e94ef2423101e199525bac508ae73ccdb.1920x1080.jpg?t=1628024542,https://cdn.akamai.steamstatic.com/steam/apps/466110/ss_a308825a5c5bdbdde4b28187ed22ce06739ff0b0.1920x1080.jpg?t=1628024542,https://cdn.akamai.steamstatic.com/steam/apps/466110/ss_4a290fbdf95e7e80acd95df729f579011ae2fc4a.1920x1080.jpg?t=1628024542,https://cdn.akamai.steamstatic.com/steam/apps/466110/ss_9709fe82821c9f0aba4b3fae991dc155f6bf2fb5.1920x1080.jpg?t=1628024542,https://cdn.akamai.steamstatic.com/steam/apps/466110/ss_6e5fe6772c6ff77df3645f6432b217794b8f973e.1920x1080.jpg?t=1628024542,https://cdn.akamai.steamstatic.com/steam/apps/466110/ss_2d6721e59b67cd17ec9b631f3114990efbe3599e.1920x1080.jpg?t=1628024542,https://cdn.akamai.steamstatic.com/steam/apps/466110/ss_cb7926766693ec18876363766d431f0e00572bf5.1920x1080.jpg?t=1628024542,https://cdn.akamai.steamstatic.com/steam/apps/466110/ss_fa7e455e7423fac2acca7300368c6d477d62d0d1.1920x1080.jpg?t=1628024542,https://cdn.akamai.steamstatic.com/steam/apps/466110/ss_14267f6f3b4bdc07d0f86d620b2e8fde752568e7.1920x1080.jpg?t=1628024542,https://cdn.akamai.steamstatic.com/steam/apps/466110/ss_9dc2b098042f9c8a93ec4a3db010798ff57b71d5.1920x1080.jpg?t=1628024542,https://cdn.akamai.steamstatic.com/steam/apps/466110/ss_6597379b99780bcf6c653829e63ae2795424fb91.1920x1080.jpg?t=1628024542,https://cdn.akamai.steamstatic.com/steam/apps/466110/ss_04fb0e9383287e395ad8b4a2cb81ed7ec27aada5.1920x1080.jpg?t=1628024542,https://cdn.akamai.steamstatic.com/steam/apps/466110/ss_c2228f0709dfe6c1823505d94a9b31b5447cb6df.1920x1080.jpg?t=1628024542,https://cdn.akamai.steamstatic.com/steam/apps/466110/ss_b302a63b6b3cc05f093117d172aa4caf860b33c0.1920x1080.jpg?t=1628024542,https://cdn.akamai.steamstatic.com/steam/apps/466110/ss_6a86dcc28138bc45a953d0b79b79dcc862b8086d.1920x1080.jpg?t=1628024542,https://cdn.akamai.steamstatic.com/steam/apps/466110/ss_fbf5566b5b9684d62e40913b546ef960f428ecb8.1920x1080.jpg?t=1628024542,https://cdn.akamai.steamstatic.com/steam/apps/466110/ss_74f2e6cd9c97d00ae75ca876ee82a6c7ea8f1b20.1920x1080.jpg?t=1628024542",http://cdn.akamai.steamstatic.com/steam/apps/256663492/movie_max.mp4?t=1518643545
1214630,The Hour of the Rat,"Jan 17, 2020",0 - 20000,0,0,2.99,0,"- THE EMPEROR MUST BE KILLED - - 3 NINJAS ARE SEND OUT - - THE TIME IS NOW - - ASSASSINATE THE EMPEROR - - DURING THE HOUR OF THE RAT - Features 1-2 hours playtime 4 different ninjas 4 different scrolls 8 different enemies pick a ninja, when you die you can continue with the remaining ones every ninja has their own strength you lose all your items upon death choose wisely in which order you play them reconsider picking up items and leave them for your next run CONTROLS (make sure gamepad is disconnected if you want to play with keyboard) left/right arrow keys - move around up arrow key - jump down arrow key - duck/defend spacebar - kick/use sword/throw stars shift/tab/ctrl - switch between sword and throwing stars Z - use scroll X - use secondary scroll HIDDEN TECHNIQUES double jump off of lanterns, enemies and projectiles jump after quickly dashing back to do a skid jump Sokpop makes a new game every two weeks! Subscribe for 3$ per month at",['English'],[],,https://cdn.akamai.steamstatic.com/steam/apps/1214630/header.jpg?t=1639495771,,https://sokpop.co,bugs@sokpop.co,True,True,False,0,,0,6,5,,5,0,,0,0,0,0,Sokpop Collective,Sokpop Collective,"Single-player,Steam Achievements,Partial Controller Support","Action,Indie","Action,Indie,Platformer,Ninja,2D Platformer","https://cdn.akamai.steamstatic.com/steam/apps/1214630/ss_31dc2724e59ff64cb2cb0be22a0568a5cbbf0fe9.1920x1080.jpg?t=1639495771,https://cdn.akamai.steamstatic.com/steam/apps/1214630/ss_b26668ca35026945078cec1fc1540dd442c322bd.1920x1080.jpg?t=1639495771,https://cdn.akamai.steamstatic.com/steam/apps/1214630/ss_0dd5c41c884eb6bbfa59417b26360ab19ec40077.1920x1080.jpg?t=1639495771,https://cdn.akamai.steamstatic.com/steam/apps/1214630/ss_d1a82a3e0321ca9a183ac62bc496e3f9e9876ea2.1920x1080.jpg?t=1639495771,https://cdn.akamai.steamstatic.com/steam/apps/1214630/ss_377054e3cc85de56516d0a0066e82e6be9448eee.1920x1080.jpg?t=1639495771","http://cdn.akamai.steamstatic.com/steam/apps/256770704/movie_max.mp4?t=1579283907,http://cdn.akamai.steamstatic.com/steam/apps/256865045/movie_max.mp4?t=1639495765"
2231900,Fateweaver: The Alchemist's Quandary,"Feb 27, 2023",0 - 20000,1,0,2.39,0,"(This game, as well as many others in our bundle, is FANTASTIC for Youtubers &amp; Streamers to create content, engage with their audience, &amp; allow their audience to better get to know them through answering a series of questions! This creates a unique experience for all parties involved, and players playing the game themselves can enjoy the solo experience tremendously all on their own as well!) Fateweaver: The Alchemist's Quandary Fateweaver is a brand new game series made by the creators of 'The Test Trilogy.' A global social experiment of epic proportions rated among the greatest game series of all time on Steam. This time, a new series awaits, as you play The Fateweaver; an ancient beast of legendary status. It is your job to determine which way Fate will unravel as you test the fragile laws of morality, dig deep into the psyche of those who call for your aid, and decide whether or not to help those who beg for your mercy, or invoke the wrath of the Gods upon those you deem unworthy of existence... As you interrogate those who have summoned you and get to know the details of their lives on an intimate level, you will take their answers into consideration before deciding which way the story will unfold. Will you grant them solace and reprieve? Or will you incite carnage and retribution? There is no right or wrong way to weave the threads of Fate... For their poor, desperate souls rest in the palm of your hand... In this episode of The Fateweaver Series, it is your duty to speak with Markus, a struggling Alchemist who has summoned you in his dreams. With the death of his father and the betrayal of his treacherous uncle looming over him, Markus has fallen on hard times. Will you help to turn his life around, or will you be the final straw that breaks the proverbial camel's back? As always, the choice is yours to make... Features: Short, sweet, and relaxing. The only game series of its kind. Very psychological and atmospheric. Sit back, relax, and ask questions that lead to various forms of dialogue, rich storylines, and multiple endings! Super affordable for a unique experience. Have the chance of becoming a character in future episodes as the developers select players' names to participate regularly!",['English'],['English'],,https://cdn.akamai.steamstatic.com/steam/apps/2231900/header.jpg?t=1677530394,,,RandumbGS@gmail.com,True,False,False,0,,0,34,0,,0,0,,0,0,0,0,Randumb Studios,Randumb Studios,"Single-player,Full controller support","Adventure,Casual,Indie,RPG,Simulation","Choices Matter,Simulation,Visual Novel,Horror,Multiple Endings,Choose Your Own Adventure,Detective,Investigation,Mystery,Story Rich,Psychological Horror,RPG,Anime,Immersive Sim,Interactive Fiction,Survival,Tabletop,JRPG,LGBTQ+,Fantasy","https://cdn.akamai.steamstatic.com/steam/apps/2231900/ss_ff2e0c3d152e00698668496b7f1d90695d1e2789.1920x1080.jpg?t=1677530394,https://cdn.akamai.steamstatic.com/steam/apps/2231900/ss_62871c2406ad553b3aac75ae7ddacf754ab8d083.1920x1080.jpg?t=1677530394,https://cdn.akamai.steamstatic.com/steam/apps/2231900/ss_83492e0b904c1b33bf727d0c727f1c3e35eaec5b.1920x1080.jpg?t=1677530394,https://cdn.akamai.steamstatic.com/steam/apps/2231900/ss_4ef5b3c1ac118e2f78ed6f9b695bfdb8261b76dc.1920x1080.jpg?t=1677530394,https://cdn.akamai.steamstatic.com/steam/apps/2231900/ss_1756722bdb1966691a25f9cba8fc96e75d69a856.1920x1080.jpg?t=1677530394,https://cdn.akamai.steamstatic.com/steam/apps/2231900/ss_fce482e18121a43c11c7921e15729cd7584815eb.1920x1080.jpg?t=1677530394,https://cdn.akamai.steamstatic.com/steam/apps/2231900/ss_cf25b2312569fbece0be03c7842ebf25e4927f05.1920x1080.jpg?t=1677530394,https://cdn.akamai.steamstatic.com/steam/apps/2231900/ss_2e2f99ef77cd95fb6a804e94620b56a2162936c3.1920x1080.jpg?t=1677530394,https://cdn.akamai.steamstatic.com/steam/apps/2231900/ss_405e5b679adc99c530026d3ad666aee5f1f0404f.1920x1080.jpg?t=1677530394,https://cdn.akamai.steamstatic.com/steam/apps/2231900/ss_c7d5fe9d22b0b389df172261b12c533cf7bc7874.1920x1080.jpg?t=1677530394,https://cdn.akamai.steamstatic.com/steam/apps/2231900/ss_461f81aeb1ca35ea1c170b22e1f9586c76cd9c62.1920x1080.jpg?t=1677530394,https://cdn.akamai.steamstatic.com/steam/apps/2231900/ss_49e3356c00dc5c6466e98a096e812a06efb1ba73.1920x1080.jpg?t=1677530394,https://cdn.akamai.steamstatic.com/steam/apps/2231900/ss_9d0cd69f1b41282aea3cd7734313be1a682a35d8.1920x1080.jpg?t=1677530394,https://cdn.akamai.steamstatic.com/steam/apps/2231900/ss_ad1e95c677a555ee44e13aa61ee4287715dce6f6.1920x1080.jpg?t=1677530394,https://cdn.akamai.steamstatic.com/steam/apps/2231900/ss_c14117117856e19264f266d98c1475a31b96653f.1920x1080.jpg?t=1677530394,https://cdn.akamai.steamstatic.com/steam/apps/2231900/ss_c571b07fdbbb128204e20932e3e9ec9fd5542654.1920x1080.jpg?t=1677530394,https://cdn.akamai.steamstatic.com/steam/apps/2231900/ss_1e32aad5e6aa85190290e0f0861d374267f6b7b4.1920x1080.jpg?t=1677530394,https://cdn.akamai.steamstatic.com/steam/apps/2231900/ss_c65c4f4d1a3f82ec2cab3c021eab5c124a48c12d.1920x1080.jpg?t=1677530394,https://cdn.akamai.steamstatic.com/steam/apps/2231900/ss_45b91de1f880bd4c77c3ef78d71a862af9bdaeef.1920x1080.jpg?t=1677530394,https://cdn.akamai.steamstatic.com/steam/apps/2231900/ss_80d5d1c9880c28fb2625dca1c16756667c23dae4.1920x1080.jpg?t=1677530394,https://cdn.akamai.steamstatic.com/steam/apps/2231900/ss_37c5b945484bfec9324f1c1bf1766d57a12ea113.1920x1080.jpg?t=1677530394,https://cdn.akamai.steamstatic.com/steam/apps/2231900/ss_5e86733f7a6a91593d0de70341c8652bc5172c77.1920x1080.jpg?t=1677530394",http://cdn.akamai.steamstatic.com/steam/apps/256921590/movie_max.mp4?t=1671193062
1779960,Salome's Kiss,"Apr 26, 2022",0 - 20000,0,0,12.99,1,"Letitia Reed is an unremarkable woman in many aspects. Meek and mild, she prefers to keep her head down, and fears drawing undue attention to herself. As a governess to the wealthy Mortimer family, Letitia devotes her humdrum days in London to the schooling of her pupil, Clara, to better mould her into the image of an ideal lady. Lurking beneath Letitia‚Äôs placid mannerisms, however, lay desires so intense they begin to unnerve her. As Clara matures, Letitia finds her feelings towards her maturing too ‚Äì until, in the end, she can no longer bear it. Driven to distraction by Clara‚Äôs sensuous brown eyes and her sweet, seraphic laughter, Letitia soon begins to question her sanity. Fearful that, eventually, something within her might snap, and she will do something she regrets, Letitia is bidden to leave her former place of employment, and to seek out work elsewhere. Fortunately, Letitia soon discovers, in the pages of The Morning Post, a job offer which will grant her a means to escape her predicament. The Langley family are searching for a governess for their daughter, the unruly Genevieve ‚Äì and, best of all, the family resides in the isolated Yorkshire moors, which seems as far away from London as it is possible to get. Upon reading this advertisement, Letitia soon decides to hand in her notice. She will travel to Yorkshire, become Genevieve‚Äôs governess, and then ‚Äì God willing ‚Äì she will be able to forget about Clara. Such was Letitia‚Äôs plan ‚Äì but this plan, alas, soon goes horribly awry. Genevieve is not quite so young as Letitia first believed, and is, instead, a grown woman: already eighteen years of age. Genevieve is wilful and impetuous, but impossibly charming, and Letitia soon falls for her. As time passes, the two women get far closer than a governess and her pupil ought, and then‚Ä¶ A story written by ebi-hime, the author of Blackberry Honey About 120k words of text (approx 4-8 hours of reading) A kinetic story with no choices/branches Detailed character and background artwork A custom OST A dramatic gothic romance story Suffering","['English', 'Simplified Chinese']",[],,https://cdn.akamai.steamstatic.com/steam/apps/1779960/header.jpg?t=1650996062,,,ebihimes@gmail.com,True,False,True,0,,0,35,5,,12,0,"The story includes some crude language, and heavy implications that the two main female characters are involved in a sexual relationship, though this is not explicitly depicted in the story. The story also explores sensitive topics some might find discomforting, such as sexual harassment and abortion.",0,0,0,0,ebi-hime,ebi-hime,"Single-player,Steam Achievements",Casual,"Casual,Visual Novel,LGBTQ+,Gothic,Romance,Female Protagonist,Historical,Drama,Linear,Realistic,Singleplayer","https://cdn.akamai.steamstatic.com/steam/apps/1779960/ss_8b8dcb246bbe9f1b8b2246f596aff14bee0ba492.1920x1080.jpg?t=1650996062,https://cdn.akamai.steamstatic.com/steam/apps/1779960/ss_5eda429c02bee91a1de04791837c9fab4a062044.1920x1080.jpg?t=1650996062,https://cdn.akamai.steamstatic.com/steam/apps/1779960/ss_9fef90efa61fd779c8c83bf720cbf8e5da1a6aea.1920x1080.jpg?t=1650996062,https://cdn.akamai.steamstatic.com/steam/apps/1779960/ss_21029afbeb1370e7df9939cb88aedabe72ffea95.1920x1080.jpg?t=1650996062,https://cdn.akamai.steamstatic.com/steam/apps/1779960/ss_3987652f8ac92ed95ec6a9078a01222c9eedb578.1920x1080.jpg?t=1650996062,https://cdn.akamai.steamstatic.com/steam/apps/1779960/ss_58a59ce449564b2ded37abcb67e8e86c321a9dbe.1920x1080.jpg?t=1650996062,https://cdn.akamai.steamstatic.com/steam/apps/1779960/ss_eb5c9e4af1dddafc53dbf8f577f165a8396ad608.1920x1080.jpg?t=1650996062,https://cdn.akamai.steamstatic.com/steam/apps/1779960/ss_779d51a708491d650815c3a25a6b4a25723cd837.1920x1080.jpg?t=1650996062",http://cdn.akamai.steamstatic.com/steam/apps/256867745/movie_max.mp4?t=1650100620
686110,Robot Heroes,"Aug 25, 2017",0 - 20000,0,0,0.99,0,"Background In 2133, an unknown creature came to the earth and brought devastating damage to it. Human beings had no choice but to live in underground shelters. With the help of the ruin searcher, people found some precious video information. And they found out that it was a mysterious robot squad that saved the earth. Game Features Command different types of robot army Resist the flooding of aliens Challenge mysterious giant alien monsters It's very difficult but amusing and funny Facebook /","['English', 'German', 'Japanese', 'Simplified Chinese', 'Traditional Chinese', 'Korean', 'French', 'Russian']",[],,https://cdn.akamai.steamstatic.com/steam/apps/686110/header.jpg?t=1509001029,https://www.facebook.com/Heroes-Productions-1765254293766744/,https://www.facebook.com/Heroes-Productions-1765254293766744/,herosgame2018@gmail.com,True,True,False,0,,0,56,12,,34,0,,18,0,18,0,Heroes Productions,Heroes Productions,"Single-player,Steam Achievements,Steam Cloud","Action,Indie","Action,Indie","https://cdn.akamai.steamstatic.com/steam/apps/686110/ss_813c1a4444cd7740a708d10701809bba92ea61a0.1920x1080.jpg?t=1509001029,https://cdn.akamai.steamstatic.com/steam/apps/686110/ss_517e0d3906bbeab538e8fafe6ea36158c03e9663.1920x1080.jpg?t=1509001029,https://cdn.akamai.steamstatic.com/steam/apps/686110/ss_cf37c8b03c4f1ab26a05ce40f63eb446e5f3919c.1920x1080.jpg?t=1509001029,https://cdn.akamai.steamstatic.com/steam/apps/686110/ss_f2f5e3a90c59120e5595abb76f1e514aa605450a.1920x1080.jpg?t=1509001029,https://cdn.akamai.steamstatic.com/steam/apps/686110/ss_b778b9708eb4bf7d0a749cfe79c0e0743021e4f8.1920x1080.jpg?t=1509001029,https://cdn.akamai.steamstatic.com/steam/apps/686110/ss_02c820e7727bd2e4cc1e582c74b43b5f7e3375a7.1920x1080.jpg?t=1509001029",http://cdn.akamai.steamstatic.com/steam/apps/256692375/movie_max.mp4?t=1502509896
496670,Maze Roller,"Aug 23, 2016",0 - 20000,0,0,9.99,0,"Meet Bernard. He enjoys long rolls along the beach and candlelit levels but what he loves most is cheese. Unfortunately, the cruel developers at Meerkat Gaming placed his favorite treat at the end of a series of complex mazes and he needs your help to find it. Two Themes: Classic &amp; Fantasy 20+ Levels (More free levels coming soon!) Designed for VR Motion Control Support Powered by UE4 Rolling Rat: Use your mind control powers to navigate Bernard the Rat to the cheese. Be sure to watch out for traps because a good rat is a terrible thing to waste! Board Tilt: Sometimes Bernard needs a push in the right direction. Take control of the board to tilt and roll his way to cheesy goodness! Pinwheel: Rotate this vertical maze and let gravity get Bernard to his flavorful finish! Explore the showroom of unlockable artwork and trophies. As these items are unlocked through challenges, discovery and merit, they will appear in this private gallery to admire. Maze Roller has been designed and optimized with VR in mind with full support for the HTC Vive and the Oculus Rift. The game also fully supports VR motion controllers for all three game modes.","['English', 'French', 'Italian', 'German', 'Spanish - Spain', 'Czech', 'Dutch', 'Russian']",[],,https://cdn.akamai.steamstatic.com/steam/apps/496670/header.jpg?t=1497710705,http://mazeroller.com,http://meerkatgaming.com/support,support@meerkatgaming.com,True,False,False,0,,0,6,4,,18,0,,0,0,0,0,Meerkat Gaming,Meerkat Gaming,"Single-player,Steam Achievements,Full controller support,Steam Trading Cards,Stats,Steam Leaderboards","Adventure,Casual,Indie","Adventure,Indie,Casual,VR,Puzzle,Family Friendly","https://cdn.akamai.steamstatic.com/steam/apps/496670/ss_2d428c47387ee08b4a888fe208c6cdc642218495.1920x1080.jpg?t=1497710705,https://cdn.akamai.steamstatic.com/steam/apps/496670/ss_34db0469d97ac923b61bc803fcf93e62d6e52a5c.1920x1080.jpg?t=1497710705,https://cdn.akamai.steamstatic.com/steam/apps/496670/ss_8259bd7bc11078ef0fbb2778dc575edce9ba6d07.1920x1080.jpg?t=1497710705,https://cdn.akamai.steamstatic.com/steam/apps/496670/ss_4914d42914db1760434af85bf5d51a7a849e1e46.1920x1080.jpg?t=1497710705,https://cdn.akamai.steamstatic.com/steam/apps/496670/ss_1986dd740b258f35509f134c82bf3cfd367961c9.1920x1080.jpg?t=1497710705,https://cdn.akamai.steamstatic.com/steam/apps/496670/ss_e7e3bf5d8190fe63d9ca7776c10ed09d5824524f.1920x1080.jpg?t=1497710705,https://cdn.akamai.steamstatic.com/steam/apps/496670/ss_1aff749ebaf93fd33ccd43d0ceae6d592a7d17c2.1920x1080.jpg?t=1497710705,https://cdn.akamai.steamstatic.com/steam/apps/496670/ss_89fb52477d665f945522b88eefff00b5d078ccac.1920x1080.jpg?t=1497710705,https://cdn.akamai.steamstatic.com/steam/apps/496670/ss_8e12692a5fcd38da40edcd76c9b781b169fa21c4.1920x1080.jpg?t=1497710705,https://cdn.akamai.steamstatic.com/steam/apps/496670/ss_e8192a2d01a242c9eab82c738401c3698f1497cf.1920x1080.jpg?t=1497710705,https://cdn.akamai.steamstatic.com/steam/apps/496670/ss_4c81055e9cc4787047c962ceea85741bfe90ce75.1920x1080.jpg?t=1497710705,https://cdn.akamai.steamstatic.com/steam/apps/496670/ss_90e9689a0bc0815faf39a3735bde3135ed399dc7.1920x1080.jpg?t=1497710705","http://cdn.akamai.steamstatic.com/steam/apps/256667320/movie_max.mp4?t=1469463294,http://cdn.akamai.steamstatic.com/steam/apps/256667147/movie_max.mp4?t=1469463304"
1769630,Grim Tales: Crimson Hollow Collector's Edition,"Sep 24, 2021",20000 - 50000,1,0,9.99,0,"Elephant Games proudly presents the newest addition to the Grim Tales series! You've been called in to investigate the disappearance of a girl from a local boarding school. She was last seen with the mysterious Dorian Black. What starts as a simple investigation quickly takes a dark turn when you start falling victim to the magic of Crimson Hollow! Can you save the missing girl before it's too late, or will you fall to darkness? Find out in this spine-tingling hidden-object adventure! This is a special Collector‚Äôs Edition release full of exclusive extras you won‚Äôt find in the standard version. The Collector‚Äôs Edition includes: ‚Ä¢ The past and the present collide in the bonus game! ‚Ä¢ Learn more about the Gray family with the collectibles! ‚Ä¢ Enjoy music, wallpapers and other extras! ‚Ä¢ Try the integrated Strategy Guide! This is a Hidden Object Puzzle Adventure game, meaning a specific genre of story-driven, point &amp; click adventures. Throughout the game, players are tasked to find a list of objects hidden within a particular scene, and to occasionally complete various mini-games/puzzles.",['English'],['English'],,https://cdn.akamai.steamstatic.com/steam/apps/1769630/header.jpg?t=1632523062,,https://bigfishgames.zendesk.com/hc/en-us/,support@bigfishgames.zendesk.com,True,False,False,0,,0,7,3,,0,0,,0,0,0,0,Elephant Games,Big Fish Games,Single-player,"Adventure,Casual","Hidden Object,Puzzle,Point & Click,Female Protagonist,Detective,Horror,Casual,Linear,Story Rich,Colorful,Dark Fantasy,Magic,Atmospheric,Emotional,Mystery,Adventure,Psychological,Dark,Singleplayer","https://cdn.akamai.steamstatic.com/steam/apps/1769630/ss_9dd738306272f2040964c5c8680c1ba2f7e3519e.1920x1080.jpg?t=1632523062,https://cdn.akamai.steamstatic.com/steam/apps/1769630/ss_fb23332adfd0949111f7b21308328d1c41f898c2.1920x1080.jpg?t=1632523062,https://cdn.akamai.steamstatic.com/steam/apps/1769630/ss_8459343e40d76eb3c940ae962aa72e20bfd6e53d.1920x1080.jpg?t=1632523062,https://cdn.akamai.steamstatic.com/steam/apps/1769630/ss_6da6f6c6fcaad1cd3e2818a410cd5bd7f35a3d39.1920x1080.jpg?t=1632523062,https://cdn.akamai.steamstatic.com/steam/apps/1769630/ss_a08702af823348554bdce78c04788e754cd25215.1920x1080.jpg?t=1632523062,https://cdn.akamai.steamstatic.com/steam/apps/1769630/ss_ca895f39861145f7caa27b1a3c49118d0c0cf94c.1920x1080.jpg?t=1632523062",http://cdn.akamai.steamstatic.com/steam/apps/256852747/movie_max.mp4?t=1632441709
1607310,Ê±ΩËΩ¶Â∏ùÂõΩ,"Aug 13, 2021",0 - 20000,0,0,9.99,0,"1. Introduction to the game 'Car Empire' is a high-degree-of-freedom simulation business game based on car building. Here you will play the role of the CEO of a start-up car company, through continuous efforts to make your company bigger and stronger, and compete with major well-known cars for the global market. Car building is the core gameplay of this game. You can build gasoline cars, pure electric, hybrid, and even hydrogen energy cars. The game has built-in more than 150 different vehicle blueprints, and those cars that made you fascinated. , Today you finally have the opportunity to make it yourself! In addition, the technology tree of this game is also very rich. You can develop various engines, three-electric systems and even unmanned driving technology. The leading technology will help you defeat strong opponents. Finally, this work introduces the factory production module. You will soon experience the psychological pressure brought by the huge expenditure of the factory, and you will also experience the great sense of accomplishment brought about by the increase in production capacity! 2. game introduction (1)Automotive research and development You can develop cars, SUVs and even sports cars. In terms of power, you can also choose gasoline, hybrid, pure electric, and hydrogen energy. Set your own price and selling point, choose the cutting-edge technology to be equipped, and start research and development! Arrange the most suitable personnel for each project, adjust the energy and cost input of each project, complete the design and pass the quality inspection, and your first car will be developed! (2)Car release After the car development is completed, you can hold your new car launch conference! You need to do some preparatory work before the conference, such as adjusting the price of the new car, choosing a marketing strategy, inviting stars, etc. After these tasks are completed, your new car can be unveiled at the conference! When the press conference is held, you can also see the barrage of netizens and the media. From these barrage, you can roughly see the popularity of the new car. (3)Automobile production After the press conference is over, mass production will begin as soon as possible! Your initial funds will be relatively short, and it is not realistic to build your own factory, so you can outsource production, but outsourcing production requires a certain amount of OEM fees for each car. After the new car is delivered, you can quickly see the global sales ranking of the new car. Don't be discouraged if the initial sales are not good. (4)Technology upgrade Every time you develop a car, you will get a certain amount of scientific and technological points, and you can use these accumulated scientific and technological points to improve your technological level. For example, develop better design drawings, more powerful engines, more powerful new energy technologies, smarter driverless systems, etc. The higher your level of science and technology, the more choices you have when developing cars. The odds of getting a superb car will also be higher. (5)Team management A 'Lianliankan' game will be triggered during the car development process. If the connection is successful, it will randomly increase motivation for some employees. When employees are full of motivation, they can 'explode' during the car development process to improve Various attributes of employees. In addition, daily employee incidents will also affect the motivation of employees. If you handle them properly, you will fill up the motivation of employees more quickly. You can also train your favorite employees so that she can grow faster. For some employees who are really incompetent, you can only replace them. Every time you successfully develop a new car, you will also randomly acquire some employee skills. You can equip your favorite employees with these skills to make her more powerful. (6)Global hegemony After you have accumulated a certain amount of car-making experience, you can compete for the global market. The world is divided into eight markets. China, the United States, and the European Union are the largest three, and the remaining five are small markets. At the beginning, you can start from the small market and challenge the local best-selling models. Once the challenge is successful, you will quickly get local Market recognition, thereby increasing car sales. Your ultimate goal is to defeat all competitors in the world and build a global automotive empire. (7)Factory construction After you get sufficient funds, you can build your own factory! First of all, you have to select locations around the world, including Beijing, Shanghai, New York, Moscow, etc. Each place will have its own unique preferential policies. You can choose a suitable city as the construction site of the factory according to your needs. After the site selection is completed, the engineering team will quickly build the factory, and then you can use your own factory to produce cars! You do not need to pay OEM fees to the OEM at this time, but the factory will incur a certain amount of operating expenses every month. The larger the scale, the more the cost. As your car becomes more and more popular, there may be insufficient production capacity, and then you need to upgrade the factory. In the process of upgrading the factory, you can play a small game similar to 'Tetris'. The more squares you put in, the more successful the factory upgrade will be. (8)Market intelligence If you want your car to sell well in the world, it is also necessary to pay attention to the market intelligence of various countries. You can obtain the selling points that consumers in various countries pay attention to through intelligence investigation, thereby increasing the probability of new cars becoming popular all over the world. In addition, you can also obtain the current market capacity and changing trends of various countries by understanding global market trends, so as to more effectively target the target market. (9)Capital market When the initial funds are insufficient, equity financing can be carried out through the capital market. The higher the sales of the car, the higher the company's valuation. When funds are abundant in the middle and later stages, you can also repurchase shares, thereby increasing your control over the company and reducing annual shareholder dividends.","['Simplified Chinese', 'Traditional Chinese']",[],,https://cdn.akamai.steamstatic.com/steam/apps/1607310/header.jpg?t=1628849595,,www.huanzhenkeji.cn,contact@huanzhenkeji.cn,True,False,False,0,,0,44,39,,36,0,,0,0,0,0,Shanghai huan zhen Info Tech Ltd,Shanghai huan zhen Info Tech Ltd,"Single-player,Steam Achievements,Steam Cloud","Indie,Simulation,Strategy,Early Access","Simulation,Automobile Sim,3D Platformer,Cartoon,Third Person,Crafting,Management,Strategy,Early Access,Indie,Resource Management","https://cdn.akamai.steamstatic.com/steam/apps/1607310/ss_7207f95617c72683e5c6f0704deacbcee6b12377.1920x1080.jpg?t=1628849595,https://cdn.akamai.steamstatic.com/steam/apps/1607310/ss_95c487a11c9b612283bac7055c41377ce393fd84.1920x1080.jpg?t=1628849595,https://cdn.akamai.steamstatic.com/steam/apps/1607310/ss_98bbcd7c669e5cac594f46451c7f7d4c6f0a5c09.1920x1080.jpg?t=1628849595,https://cdn.akamai.steamstatic.com/steam/apps/1607310/ss_1457d081dc34d1124fea3b7b805b2db875d6a793.1920x1080.jpg?t=1628849595,https://cdn.akamai.steamstatic.com/steam/apps/1607310/ss_53d8f6004c333591aadb9fa759fa30b25228126f.1920x1080.jpg?t=1628849595,https://cdn.akamai.steamstatic.com/steam/apps/1607310/ss_7753b4fe987920d42092e539598e45d4a3405ad2.1920x1080.jpg?t=1628849595,https://cdn.akamai.steamstatic.com/steam/apps/1607310/ss_6cb8b2820fd4484e5a20f6d2f8c1e7efd4dfb1cf.1920x1080.jpg?t=1628849595,https://cdn.akamai.steamstatic.com/steam/apps/1607310/ss_ad02f3236c353c33f0fc2cf23c58e0e43ac64c32.1920x1080.jpg?t=1628849595,https://cdn.akamai.steamstatic.com/steam/apps/1607310/ss_9583a23ca96d6c83389fbaebdfc071b52e114aa7.1920x1080.jpg?t=1628849595,https://cdn.akamai.steamstatic.com/steam/apps/1607310/ss_1f4884cea1bc9d2762417f862600c91737eb72bf.1920x1080.jpg?t=1628849595,https://cdn.akamai.steamstatic.com/steam/apps/1607310/ss_54e2e3a02cb1a694481731f36b973a0bb12d6f7a.1920x1080.jpg?t=1628849595,https://cdn.akamai.steamstatic.com/steam/apps/1607310/ss_ea2c431d6bc5026b9ca5d5a0b96e74cdd608b6bd.1920x1080.jpg?t=1628849595,https://cdn.akamai.steamstatic.com/steam/apps/1607310/ss_dc506429a18daf5da3a842262bc1cb01890746a3.1920x1080.jpg?t=1628849595,https://cdn.akamai.steamstatic.com/steam/apps/1607310/ss_e65dc79df393c81274a6a940b0eab93574b1e082.1920x1080.jpg?t=1628849595,https://cdn.akamai.steamstatic.com/steam/apps/1607310/ss_cdb10ffba11344565ee9b65e7f0e6b79a5f9e19b.1920x1080.jpg?t=1628849595,https://cdn.akamai.steamstatic.com/steam/apps/1607310/ss_5146b400074cc7eed9c0bde6ac405fb7831cec7d.1920x1080.jpg?t=1628849595,https://cdn.akamai.steamstatic.com/steam/apps/1607310/ss_bb524b40ded8259f3d1fadce4ec0c5792313981a.1920x1080.jpg?t=1628849595,https://cdn.akamai.steamstatic.com/steam/apps/1607310/ss_6dc7bead74ca00da4f9f93bf634ad7152c9a6ac8.1920x1080.jpg?t=1628849595,https://cdn.akamai.steamstatic.com/steam/apps/1607310/ss_ac9a19b36b105cdb6b1708b1138d9154de7e0b48.1920x1080.jpg?t=1628849595,https://cdn.akamai.steamstatic.com/steam/apps/1607310/ss_3c4f47c0e9216d6d2c720c8d133ba25de6ae0400.1920x1080.jpg?t=1628849595",http://cdn.akamai.steamstatic.com/steam/apps/256842455/movie_max.mp4?t=1628849591
1191900,Say No! More,"Apr 9, 2021",20000 - 50000,4,0,6.74,0,"A brand new experience from Studio Fizbin! In a world where everyone sticks to the status quo of saying ‚ÄúYES!‚Äù, create your custom character and take on the role of an intern on a mission to change the world with the positive power of saying ‚ÄúNO!‚Äú. With this new power, nothing will get in your way as you shout ‚ÄúNO!‚Äù at any absurd requests fired your way. Say No! More is the world‚Äôs first NPG (NO!-Playing Game). Using simple controls designed for anyone to pick up and play, start your working life through a set path in a quirky office environment. As well as shouting 'NO!' in your chosen language, use your 'NO!' in different emotional states to send them reeling. Confuse people with different actions to let their guard down, then charge up your 'NO!' for an even greater effect on unsuspecting colleagues! Touching on timeless and modern issues such as social etiquette, friendship, and workplace standards, this hilarious adventure also has tender depth. It‚Äôs all wrapped up in a fun late 90s video game style, complete with chunky, colorful visuals, comical animations, and jazzy music that you‚Äôll struggle to say ‚ÄúNO!‚Äù to. Choose how to say 'NO!' : Heated No! Cold No! Lazy No! Wacky No! Charge your 'NO!' for bigger effect! Irritate your colleagues! Laugh at them! Clap at them! Hmmm at them! Make them feel you listen to them, but sarcastically! Say 'NO!' in many different languages! Customize your character! Fight mean colleagues , supervisors and bosses! Make friends in your lunch break! Laugh out loud because this game is very funny! Listen to rad mixtape music And learn to say 'NO!' from the pros (like this guyüëá)","['English', 'French', 'Italian', 'German', 'Spanish - Spain', 'Japanese', 'Korean', 'Portuguese - Brazil', 'Russian', 'Simplified Chinese']","['English', 'Simplified Chinese']",,https://cdn.akamai.steamstatic.com/steam/apps/1191900/header.jpg?t=1617973250,http://www.saynomo.re,http://www.thunderfulgames.com,support@thunderfulgames.com,True,True,False,67,https://www.metacritic.com/game/pc/say-no!-more?ftag=MCD-06-10aaa1f,0,875,104,,22,503,,35,0,35,0,Studio Fizbin,Thunderful Publishing,"Single-player,Steam Achievements,Steam Cloud","Casual,Indie","Indie,Funny,Comedy,Casual,Singleplayer,Cute,Colorful,Adventure,Experimental,Satire,Action,Beat 'em up,Action-Adventure,Arcade,On-Rails Shooter,Cartoon,Third-Person Shooter,Cartoony,Pixel Graphics,Stylized","https://cdn.akamai.steamstatic.com/steam/apps/1191900/ss_fb868a93163d77344c21869c5bcec141b4211e1f.1920x1080.jpg?t=1617973250,https://cdn.akamai.steamstatic.com/steam/apps/1191900/ss_45a1adba6ed6fa2f81ff55645af5d0e5e2c642d6.1920x1080.jpg?t=1617973250,https://cdn.akamai.steamstatic.com/steam/apps/1191900/ss_888dc5dedf486ea746899eae8f35aa95c7db9153.1920x1080.jpg?t=1617973250,https://cdn.akamai.steamstatic.com/steam/apps/1191900/ss_42056c27407603ce1c07ebbcd6071aed7275f72e.1920x1080.jpg?t=1617973250,https://cdn.akamai.steamstatic.com/steam/apps/1191900/ss_b2c7b0257e631703162489368e3247e6bd5b0631.1920x1080.jpg?t=1617973250,https://cdn.akamai.steamstatic.com/steam/apps/1191900/ss_5253fd47b31ac5eaaf4395442ca7d5a9126c8f9c.1920x1080.jpg?t=1617973250,https://cdn.akamai.steamstatic.com/steam/apps/1191900/ss_5e0fb4a58da5eebd0a4aab96d13966c9cb86c046.1920x1080.jpg?t=1617973250,https://cdn.akamai.steamstatic.com/steam/apps/1191900/ss_ab370bc056e4c12450032fe345ffaacaa7996588.1920x1080.jpg?t=1617973250,https://cdn.akamai.steamstatic.com/steam/apps/1191900/ss_4b6d17cb7e307a75458382f81903bc1fb64f3983.1920x1080.jpg?t=1617973250,https://cdn.akamai.steamstatic.com/steam/apps/1191900/ss_ff4ba8f7ddc78cb3dad6d757337f05e771c63006.1920x1080.jpg?t=1617973250","http://cdn.akamai.steamstatic.com/steam/apps/256829431/movie_max.mp4?t=1617969377,http://cdn.akamai.steamstatic.com/steam/apps/256826603/movie_max.mp4?t=1616157322"
415030,One More Dungeon,"Nov 23, 2015",50000 - 100000,1,0,4.99,0,"One More Dungeon is a first person shooter roguelike with procedurally generated levels and pixel-art graphics. Being a nameless adventure seeker, you have to get to the final level of the dungeon and destroy the obelisks, which is being used by forces of Evil to invade the world. Use a melee weapon, magic staffs, and antique artefacts, to burst way through the hordes of enemies inhabiting a few game areas. Key features: Fusion of old school FPS and Roguelike games. Procedurally generated levels. Permadeath 30+ types of enemies and 80+ items. Parallel universe with manually created locations. Sanity level, reduced by using of artefacts. Set of mutators, selected before the game started and modifying the gameplay.","['English', 'Russian']",[],,https://cdn.akamai.steamstatic.com/steam/apps/415030/header.jpg?t=1578285027,http://statelysnail.com/,http://statelysnail.com/,support@statelysnail.com,True,True,True,0,,0,475,137,,15,478,,87,0,144,0,Stately Snail,Stately Snail,"Single-player,Steam Achievements,Steam Trading Cards","Action,Indie,RPG","RPG,Action Roguelike,Dungeon Crawler,Indie,Action,FPS,Rogue-like,Pixel Graphics,First-Person,Rogue-lite,Retro,Singleplayer,Loot,Voxel,Fantasy,Procedural Generation","https://cdn.akamai.steamstatic.com/steam/apps/415030/ss_8d022169431c06c65e105326b450da3103bcb4e8.1920x1080.jpg?t=1578285027,https://cdn.akamai.steamstatic.com/steam/apps/415030/ss_65787654cf682e6ee0b12532da7022c4138a1ebc.1920x1080.jpg?t=1578285027,https://cdn.akamai.steamstatic.com/steam/apps/415030/ss_4c2dd01f966bb2774eb8f446e4725f7c246c9e94.1920x1080.jpg?t=1578285027,https://cdn.akamai.steamstatic.com/steam/apps/415030/ss_4dda253fb9c2b1817eda367860123280ffa77110.1920x1080.jpg?t=1578285027,https://cdn.akamai.steamstatic.com/steam/apps/415030/ss_b4a2447f36372fcecd5e4b2edd18c1f84104574e.1920x1080.jpg?t=1578285027,https://cdn.akamai.steamstatic.com/steam/apps/415030/ss_3f0486cd3c075b19d095148b57da28085cfa0959.1920x1080.jpg?t=1578285027",http://cdn.akamai.steamstatic.com/steam/apps/256658286/movie_max.mp4?t=1447880623
2229160,Heroic City,"Mar 9, 2023",0 - 0,0,0,0.0,0,"Heroic City is an impactverse - an online gaming world with the purpose of generating real-world impact! join one of our sponsors teams and play dozens of action-pack party games to unlock new skins, decorations and impact items. Hatch impact items into objects you can send to the real world to plant trees, remove plastic waste from oceans and offset carbon from the atmosphere. The choice is yours - the community together decides which issues we focus on. Be bold, be Heroic! Every tree you plant in Heroic City will be planted to the real world by our partner Ecologi.",['English'],[],,https://cdn.akamai.steamstatic.com/steam/apps/2229160/header.jpg?t=1678355174,https://www.heroic.city,,support@heroicgames.org,True,False,False,0,,0,0,0,,0,0,,0,0,0,0,Heroic Games Oy,Heroic Games Oy,"Multi-player,MMO,PvP,Online PvP,Co-op,Online Co-op,In-App Purchases","Action,Casual,Free to Play,Massively Multiplayer,Early Access",,"https://cdn.akamai.steamstatic.com/steam/apps/2229160/ss_83a3b5764539d56d408c5d0d6ea988ee2b2a381f.1920x1080.jpg?t=1678355174,https://cdn.akamai.steamstatic.com/steam/apps/2229160/ss_2701651a5dfcee9141f2542fd7c49e6d0e20eb96.1920x1080.jpg?t=1678355174,https://cdn.akamai.steamstatic.com/steam/apps/2229160/ss_46e896acceef819d9bc2ae73ffd0b0e34ffa29b0.1920x1080.jpg?t=1678355174,https://cdn.akamai.steamstatic.com/steam/apps/2229160/ss_7489fa9fbc5000d46a9770e65254f1427051d664.1920x1080.jpg?t=1678355174,https://cdn.akamai.steamstatic.com/steam/apps/2229160/ss_a43e0b09595a70ec478adf4a4c25aa5a0adedf39.1920x1080.jpg?t=1678355174,https://cdn.akamai.steamstatic.com/steam/apps/2229160/ss_7fc4e493dde0ac6f698913499ee9353e0528677c.1920x1080.jpg?t=1678355174,https://cdn.akamai.steamstatic.com/steam/apps/2229160/ss_97eeefe337037ac531c85f5bd9647ef1eda0e8c8.1920x1080.jpg?t=1678355174,https://cdn.akamai.steamstatic.com/steam/apps/2229160/ss_2ef33d0568a6c72f617a36ebe654d607e263fe18.1920x1080.jpg?t=1678355174,https://cdn.akamai.steamstatic.com/steam/apps/2229160/ss_2b4adbe2e42ed29077e7e09fe921b4b2434ad208.1920x1080.jpg?t=1678355174,https://cdn.akamai.steamstatic.com/steam/apps/2229160/ss_0df542f30705240b547d7dc9f0ff3dc0c4878ce0.1920x1080.jpg?t=1678355174",http://cdn.akamai.steamstatic.com/steam/apps/256932231/movie_max.mp4?t=1677673072
1600520,Project Lonely Fish Playtest,"Jun 29, 2021",0 - 0,0,0,0.0,0,,[],[],,https://cdn.akamai.steamstatic.com/steam/apps/1600520/header.jpg?t=1624961392,,,,True,False,False,0,,0,0,0,,0,0,,0,0,0,0,,,,,,,
1511630,TrackDayR,"Mar 17, 2021",0 - 20000,0,0,24.99,0,"Directly From Motorcycle Physics and Dynamics Text Books The roots of TDR have been intertwined from the very beginning with the most important academic papers regarding motorcycle dynamics (eg. V. Cossalter). We worked really hard to understand the physics regarding motorcycles to be able to replicate it as accurately as possible in this project. This is not pulled out of the air: everything is validated by industrial simulation formulas, such as Magic Formula by Pacjecka, which we used as foundation to create our tire physical model. Our intention was to build a game that could give an experience as faithful to real life as it can be. Realism but with fun! We are fully committed to creating a game that could offer the maximum realism available, but that could also be enjoyed with a simple Joypad and without frustration. TDR surely isn‚Äôt an Arcade game, which means that you will make some mistakes. A late braking, a wobble, an unwanted wheelie, one too much skid will ruin your lap. Thanks to a learning curve within anyone‚Äôs‚Äô reach, the more you will race the more you will learn your limits and become a better rider with each lap. We surely want TDR to be the peak of the simulative experience, but also something to have lots of fun with! Tire dynamics wear Tires have a dynamic wear, that are physically simulated through the patch of contact of the rubber on the asphalt. Through the track conditions and your riding style you can determine the tire performance. High quality tracks an bikes models Our all tracks are reproductions of real circuits, made with the closest fidelity and high visual impact, thanks to the High Definition Render Pipeline. Even our bikes are reproductions of real motorcycles, made taking into account all the real sizes: tires, suspensions, forks, steer, wheelbase, all data are all faithfully reported in the simulation. Not only big wheels In TDR we don‚Äôt want to only simulate standard bikes, but we love to explore other growing branches, such as the one of the small wheels. We have been supported by a leading brand in the field such as Ohvale, which makes us feel extremely lucky. The Gp-0 is nowadays used as an official motorcycle to train a lot of professional riders, and we are happy to have it in official capacity in our game toghether with important brands like Polini, who made the fastest track racing scooter and YCF, one of the most important company that produce pitbikes. The small wheels will allow us to move the challenge to kart tracks and therefore open a whole new prospective over motorcycle simulation.",['English'],[],,https://cdn.akamai.steamstatic.com/steam/apps/1511630/header.jpg?t=1655895575,https://www.trackdayr.com/,,help@trackdayr.com,True,False,False,0,,0,128,43,,22,142,,0,0,0,0,MadCow S.r.l.,MadCow S.r.l.,"Single-player,Multi-player,PvP,Online PvP,Steam Achievements,Partial Controller Support,Steam Leaderboards","Indie,Massively Multiplayer,Racing,Simulation,Sports,Early Access","Racing,Simulation,Motorbike,Sports,Driving,Realistic,PvP,3D,Early Access,Indie,Singleplayer,Massively Multiplayer,Multiplayer,Bikes,Motocross,Automobile Sim,Offroad,Runner,First-Person,Third Person","https://cdn.akamai.steamstatic.com/steam/apps/1511630/ss_a36bec91064818e204c54e87a7f3a5614da4ea4a.1920x1080.jpg?t=1655895575,https://cdn.akamai.steamstatic.com/steam/apps/1511630/ss_adc3474e12061279ba636249907c4607ff69d145.1920x1080.jpg?t=1655895575,https://cdn.akamai.steamstatic.com/steam/apps/1511630/ss_9c654df960b8976b0d467cd5268bca203bd088ab.1920x1080.jpg?t=1655895575,https://cdn.akamai.steamstatic.com/steam/apps/1511630/ss_aed72b41a47e1168cad06a902456ac2469038acd.1920x1080.jpg?t=1655895575,https://cdn.akamai.steamstatic.com/steam/apps/1511630/ss_95c5a3f6e85cd74fc03bbd8f636bac81e23e2f70.1920x1080.jpg?t=1655895575,https://cdn.akamai.steamstatic.com/steam/apps/1511630/ss_623de8b8b57e6ce03606e333fccab7181cf04036.1920x1080.jpg?t=1655895575,https://cdn.akamai.steamstatic.com/steam/apps/1511630/ss_c2932902bedb8e19007085c43551f6b4d99034fe.1920x1080.jpg?t=1655895575,https://cdn.akamai.steamstatic.com/steam/apps/1511630/ss_3a916ddbffa9ab857460a8df95dfb078c512f5a7.1920x1080.jpg?t=1655895575,https://cdn.akamai.steamstatic.com/steam/apps/1511630/ss_0a0530bbc6617e38ab44b962988c06d4813f1e9a.1920x1080.jpg?t=1655895575,https://cdn.akamai.steamstatic.com/steam/apps/1511630/ss_1a18e2b232c9c2fdce20c420a20f2f03cd405c85.1920x1080.jpg?t=1655895575,https://cdn.akamai.steamstatic.com/steam/apps/1511630/ss_9f7d0281e9d46ae7257321e539701b918bffdf7c.1920x1080.jpg?t=1655895575,https://cdn.akamai.steamstatic.com/steam/apps/1511630/ss_7306a08a5b91bd85b4ef55967b6f76aead944520.1920x1080.jpg?t=1655895575,https://cdn.akamai.steamstatic.com/steam/apps/1511630/ss_e0e894372c7b190e622bf0b838026e67ab5ea12d.1920x1080.jpg?t=1655895575,https://cdn.akamai.steamstatic.com/steam/apps/1511630/ss_e232efedbe22549b9001910b33ca31aeb30ce9fe.1920x1080.jpg?t=1655895575,https://cdn.akamai.steamstatic.com/steam/apps/1511630/ss_036b40e7c8d2985b9361aa057f91e103fc84f95c.1920x1080.jpg?t=1655895575,https://cdn.akamai.steamstatic.com/steam/apps/1511630/ss_c42c60a3b18c666ccbbb8342c03b2e37b6b9f4ab.1920x1080.jpg?t=1655895575,https://cdn.akamai.steamstatic.com/steam/apps/1511630/ss_5d05419899ac1b5c3d1e6804eac414120b06ba77.1920x1080.jpg?t=1655895575,https://cdn.akamai.steamstatic.com/steam/apps/1511630/ss_ec5c2b8ac63349a4c1b36c59640482792e7cf30b.1920x1080.jpg?t=1655895575,https://cdn.akamai.steamstatic.com/steam/apps/1511630/ss_377c5b36ba2d0c1cf4fe5fb783d74dcaaa4b4fa6.1920x1080.jpg?t=1655895575,https://cdn.akamai.steamstatic.com/steam/apps/1511630/ss_5c7492c2fb367b6da17691ca455696495f3e5c14.1920x1080.jpg?t=1655895575,https://cdn.akamai.steamstatic.com/steam/apps/1511630/ss_0e6b628cc8eed8c034c8b9c5df3c47a8d5904d80.1920x1080.jpg?t=1655895575,https://cdn.akamai.steamstatic.com/steam/apps/1511630/ss_574e76a1f95dc29c41056a4d68675aa5c0e4e45e.1920x1080.jpg?t=1655895575,https://cdn.akamai.steamstatic.com/steam/apps/1511630/ss_6d78fcbc07d3a0e16d93448204e551cfe9f6a828.1920x1080.jpg?t=1655895575,https://cdn.akamai.steamstatic.com/steam/apps/1511630/ss_31600921fee28890fa9158b60376dbea3c1bf141.1920x1080.jpg?t=1655895575,https://cdn.akamai.steamstatic.com/steam/apps/1511630/ss_4388bdb6ab36b11c2fbc2c9ec43ce1772a8d3cec.1920x1080.jpg?t=1655895575,https://cdn.akamai.steamstatic.com/steam/apps/1511630/ss_608f2049c699fb6ed73e057f87ba360e45a60299.1920x1080.jpg?t=1655895575,https://cdn.akamai.steamstatic.com/steam/apps/1511630/ss_4d3745a047da169059ee78a17ea09c78c6eb3b7b.1920x1080.jpg?t=1655895575,https://cdn.akamai.steamstatic.com/steam/apps/1511630/ss_640160e400a9ebda47fb2a1cb6b92f154b3ffdb8.1920x1080.jpg?t=1655895575,https://cdn.akamai.steamstatic.com/steam/apps/1511630/ss_8ef03b1da02d9a641174c8ca6c035626544e6118.1920x1080.jpg?t=1655895575","http://cdn.akamai.steamstatic.com/steam/apps/256888182/movie_max.mp4?t=1653463479,http://cdn.akamai.steamstatic.com/steam/apps/256888173/movie_max.mp4?t=1653463485,http://cdn.akamai.steamstatic.com/steam/apps/256817532/movie_max.mp4?t=1610114939,http://cdn.akamai.steamstatic.com/steam/apps/256888183/movie_max.mp4?t=1653463474,http://cdn.akamai.steamstatic.com/steam/apps/256888184/movie_max.mp4?t=1653463469,http://cdn.akamai.steamstatic.com/steam/apps/256849493/movie_max.mp4?t=1630317005,http://cdn.akamai.steamstatic.com/steam/apps/256835685/movie_max.mp4?t=1621674854,http://cdn.akamai.steamstatic.com/steam/apps/256825122/movie_max.mp4?t=1615283175,http://cdn.akamai.steamstatic.com/steam/apps/256817018/movie_max.mp4?t=1610114954"
2003380,Hardcore Trivia Playtest,"May 19, 2022",0 - 0,0,0,0.0,0,,[],[],,https://cdn.akamai.steamstatic.com/steam/apps/2003380/header.jpg?t=1652978538,,,,True,False,False,0,,0,0,0,,0,0,,0,0,0,0,,,,,,"https://cdn.akamai.steamstatic.com/steam/apps/2003380/ss_c2b82be9f0fd9cf80b6b5ebb237c81cb33d159b2.1920x1080.jpg?t=1652978538,https://cdn.akamai.steamstatic.com/steam/apps/2003380/ss_c8c95d23a1a8762019c23bdc9b0d8cefc6e77f08.1920x1080.jpg?t=1652978538,https://cdn.akamai.steamstatic.com/steam/apps/2003380/ss_8729dafd8ab3e0e8bdcdfc0ea3b6b54592579433.1920x1080.jpg?t=1652978538,https://cdn.akamai.steamstatic.com/steam/apps/2003380/ss_718d20fa923ef183d564cad9450d2894c9ef8cb4.1920x1080.jpg?t=1652978538,https://cdn.akamai.steamstatic.com/steam/apps/2003380/ss_7f2e563d2a6e9277a51b71a5f65f2b9275f6fb87.1920x1080.jpg?t=1652978538,https://cdn.akamai.steamstatic.com/steam/apps/2003380/ss_d12678691819b9c5f96d152d923cb4f2e19f623b.1920x1080.jpg?t=1652978538,https://cdn.akamai.steamstatic.com/steam/apps/2003380/ss_e421fe7c207e4016faec9b02851851cf576f41ae.1920x1080.jpg?t=1652978538,https://cdn.akamai.steamstatic.com/steam/apps/2003380/ss_b930c396c391ea0125cda66f4cf9b46b7c76f4b6.1920x1080.jpg?t=1652978538,https://cdn.akamai.steamstatic.com/steam/apps/2003380/ss_cf85ed77043911b2b0b27fd361b286182d9e7d04.1920x1080.jpg?t=1652978538",
206410,Crazy Machines Elements,"Feb 10, 2012",20000 - 50000,0,0,9.99,2,"GET YOUR BRAIN BUZZING with each new challenge in the latest installment of the multi award-winning wacky contraption series - CRAZY MACHINES ELEMENTS. Play with Fire, harness the power of water and control the wind to set off the most insanely creative chain reactions! Build crazy machines from everyday objects and bizarre components. Utilize the elements (fire, water and wind) to discover all the fantastic possibilities available to you! Experiment by night, in the snow or rain! Use the cloud machine and generate lightning, tornadoes and rain to complete your crazy chain reactions; real physics will simultaneously be your best ally and your toughest enemy. Take your pick of challenging and zany puzzles to solve, using cool parts like the clone cannon, monster trucks, fire breathing dragons, and more! Compete with your friends to see who can make the coolest machine. Design and try out your own wacky inventions using the built-in editor. Loads of totally wacky chain reactions are just waiting to be created, so put your brain to the test by carrying out zany experiments as the nutty inventor in CRAZY MACHINES ELEMENTS! Your lab awaits you. Key Features: Harness the Power of the Elements: Fire, Water and Wind True Newtonian Physics Next Gen 3d Graphics Hundreds of Levels and Parts Control the weather: make it rain, snow and even light up the sky with lightening! Experiment by day or night","['English', 'French', 'German', 'Italian', 'Spanish - Spain']",[],,https://cdn.akamai.steamstatic.com/steam/apps/206410/header.jpg?t=1447355329,http://www.viva-media.com/crazymachineselements.aspx,http://www.viva-media.com,,True,False,False,0,,0,24,9,,0,0,,109,0,109,0,Fakt Software,Viva Media,Single-player,"Casual,Strategy","Casual,Strategy,Puzzle","https://cdn.akamai.steamstatic.com/steam/apps/206410/ss_5102844793fb3ca185a521ca3dbf1137456fb45f.1920x1080.jpg?t=1447355329,https://cdn.akamai.steamstatic.com/steam/apps/206410/ss_ee4fe5600820e09cfd048021042e032ba12edd34.1920x1080.jpg?t=1447355329,https://cdn.akamai.steamstatic.com/steam/apps/206410/ss_dc7780a9ec13179b875121df9156ff49208567aa.1920x1080.jpg?t=1447355329,https://cdn.akamai.steamstatic.com/steam/apps/206410/ss_f16712f1613616558359c7ad8597a5024a872673.1920x1080.jpg?t=1447355329,https://cdn.akamai.steamstatic.com/steam/apps/206410/ss_17655eb2c787099e6b2029a9a93aeabece2e636b.1920x1080.jpg?t=1447355329,https://cdn.akamai.steamstatic.com/steam/apps/206410/ss_e5f05c9862a2f69d3d1c7948b77c157901932f9c.1920x1080.jpg?t=1447355329,https://cdn.akamai.steamstatic.com/steam/apps/206410/ss_e625bb732d676b190a9ac1936f7061f8499b79a6.1920x1080.jpg?t=1447355329,https://cdn.akamai.steamstatic.com/steam/apps/206410/ss_fc2c2c00ba9be0f91b90c4d808200978e59c46aa.1920x1080.jpg?t=1447355329,https://cdn.akamai.steamstatic.com/steam/apps/206410/ss_659c6e3d4ce65ccb93d09f75c825ae0884c8511a.1920x1080.jpg?t=1447355329,https://cdn.akamai.steamstatic.com/steam/apps/206410/ss_ccc6768831415fb9c860e28a86a715eb21f7b636.1920x1080.jpg?t=1447355329,https://cdn.akamai.steamstatic.com/steam/apps/206410/ss_aaedeb07c9ab964403b4a328d79cfcc71066b526.1920x1080.jpg?t=1447355329,https://cdn.akamai.steamstatic.com/steam/apps/206410/ss_491dad3ba6aea0c159b5f7b1528f0825bb5181b2.1920x1080.jpg?t=1447355329",http://cdn.akamai.steamstatic.com/steam/apps/81490/movie_max.mp4?t=1447355550
1116430,Mostly Intense Monster Defense,"Sep 2, 2019",0 - 20000,1,0,4.99,0,"Defend your home dungeon against a bunch of impolite humans in this humorous tower/lane defense game. Summon monsters, change tactics on the fly &amp; skip funny dialogue to defeat waves and waves of the most generic heroes mankind has ever seen! Classic lane defense action, a fresh new tactics switching mechanic and a bunch of funny dialogue! STORY MODE with 16 levels of MOSTLY INTENSE tower defense action! ENDLESS MODE with randomized waves of survival goodness! Hundreds of lines of kind of funny dialogue from your Summoner sidekick! An amazingly round &amp; ergonomic TACTICS WHEEL to help you switch tactics on the fly! A squishy squashy pixel art style",['English'],['English'],,https://cdn.akamai.steamstatic.com/steam/apps/1116430/header.jpg?t=1617128097,,,support@patsui.com,True,False,False,0,,0,52,4,,10,0,,0,0,0,0,Patsui Games,Patsui Games,"Single-player,Steam Achievements","Action,Casual,Indie,Strategy","Tower Defense,Pixel Graphics,Strategy,Funny,Fantasy,Zombies,Casual,Real Time Tactics,Mystery Dungeon,Arcade,2D,Parody,Dark Humor,Tactical,Comedy,Retro,Singleplayer,Short,Narration,RTS","https://cdn.akamai.steamstatic.com/steam/apps/1116430/ss_ec011cba9af2d9b10e7c056f4fa313336ee2a22e.1920x1080.jpg?t=1617128097,https://cdn.akamai.steamstatic.com/steam/apps/1116430/ss_6f15eb3f60f6c15a6b2c6725204528be6143124a.1920x1080.jpg?t=1617128097,https://cdn.akamai.steamstatic.com/steam/apps/1116430/ss_98b3226c8402990f2632f0226c72f0db0f8839f7.1920x1080.jpg?t=1617128097,https://cdn.akamai.steamstatic.com/steam/apps/1116430/ss_c2702cce7d1da6e53d279b1a2662fb479510e969.1920x1080.jpg?t=1617128097,https://cdn.akamai.steamstatic.com/steam/apps/1116430/ss_c4bf3363cfdea564637dc3080f6768a968745bb7.1920x1080.jpg?t=1617128097,https://cdn.akamai.steamstatic.com/steam/apps/1116430/ss_78bdac9a06ef5cf3de912b330252a15fafaf8ae7.1920x1080.jpg?t=1617128097,https://cdn.akamai.steamstatic.com/steam/apps/1116430/ss_1ad8cffbb5232883c1b7d4b8e2db63528104043f.1920x1080.jpg?t=1617128097,https://cdn.akamai.steamstatic.com/steam/apps/1116430/ss_b93a8fc0a1d81fc70d5fb74e8c868bf1203048b1.1920x1080.jpg?t=1617128097",http://cdn.akamai.steamstatic.com/steam/apps/256755370/movie_max.mp4?t=1563008579
1980390,Neighbor Fight,"Jun 9, 2022",0 - 0,0,0,0.0,0,"Join the Discord server and tell me about your experiences, so the game can be improved accordingly! DESTROY THE HOUSE OF YOUR NEIGHBOR To accomplish this you need the perfect strategy and find balance between making money and destruction. Grow Cannabis in your Shed. Enslave Hire Aliens to Work for You. Process Weed into a Variety of Products. Sell Products to Customers to Make Money. Buy Upgrades and Machines from your Phone. Throw Furniture and other Objects at your Neighbor's House. Craft new Powerful Objects in the Furnicombinator. Brew Potions for Crafting or to Power Machines. Watch Out for Thieves Stealing your Orders. Call the Police on your Neighbor. Make sure your own House isn't Burning to the Ground while you're Busy. And so much more! Game Modes Online Casual 1v1 [AVAILABLE] Casual 2v2 [TO COME] Tournament [TO COME] Free-for-All [TO COME] Practice Tutorial [AVAILABLE] Play Against AI [TO COME]",['English'],[],,https://cdn.akamai.steamstatic.com/steam/apps/1980390/header.jpg?t=1658076942,,,slimmedaan@gmail.com,True,False,False,0,,0,0,0,,22,0,"Mild Violence, Drugs, Cannabis Cultivation/Distribution.",0,0,0,0,CHICKEN SODA GAMES,CHICKEN SODA GAMES,"Multi-player,PvP,Online PvP,Steam Achievements,Stats","Action,Indie,Strategy,Early Access",,"https://cdn.akamai.steamstatic.com/steam/apps/1980390/ss_9bc947ef782597fd6e1d71c7d7bf8aa1c40eae65.1920x1080.jpg?t=1658076942,https://cdn.akamai.steamstatic.com/steam/apps/1980390/ss_dcc95f46008f0f3db41a9fe35454bc9cdfe03638.1920x1080.jpg?t=1658076942,https://cdn.akamai.steamstatic.com/steam/apps/1980390/ss_70da197ad96d62982990352d0d7ba2b47848554f.1920x1080.jpg?t=1658076942,https://cdn.akamai.steamstatic.com/steam/apps/1980390/ss_8a6af72ad11cdb72d66462fff09628348f4cb069.1920x1080.jpg?t=1658076942,https://cdn.akamai.steamstatic.com/steam/apps/1980390/ss_f12332e5db8d3ec18eaea1aaadbc4cd741c9fbf3.1920x1080.jpg?t=1658076942,https://cdn.akamai.steamstatic.com/steam/apps/1980390/ss_d883dfdf335c4c894c3ca3864bf69b27411f795f.1920x1080.jpg?t=1658076942,https://cdn.akamai.steamstatic.com/steam/apps/1980390/ss_d3452ad70f2afe12c4c846571599a0dbe04f0fbc.1920x1080.jpg?t=1658076942,https://cdn.akamai.steamstatic.com/steam/apps/1980390/ss_d404324d616b277d9dd00c71ab93e4a248ad1b08.1920x1080.jpg?t=1658076942,https://cdn.akamai.steamstatic.com/steam/apps/1980390/ss_62430ab9af11139d1fcfdc91cc1e32111c7459a5.1920x1080.jpg?t=1658076942,https://cdn.akamai.steamstatic.com/steam/apps/1980390/ss_bfc08b1e17d666da6e86de6c29d63afa4ce3a30a.1920x1080.jpg?t=1658076942,https://cdn.akamai.steamstatic.com/steam/apps/1980390/ss_0f700e32da4993b217c30050257db270589a1e54.1920x1080.jpg?t=1658076942,https://cdn.akamai.steamstatic.com/steam/apps/1980390/ss_eb50034d5e53cfe97e039f5fd7b2f03c9be0dfd7.1920x1080.jpg?t=1658076942,https://cdn.akamai.steamstatic.com/steam/apps/1980390/ss_4461039fdab20e470a4db40ebee8d3748264601a.1920x1080.jpg?t=1658076942,https://cdn.akamai.steamstatic.com/steam/apps/1980390/ss_ac8134cc19789c44e865f116d6f09a3ba4d5645c.1920x1080.jpg?t=1658076942",http://cdn.akamai.steamstatic.com/steam/apps/256887541/movie_max.mp4?t=1653044502
